4,3api/gbs.mm.com,
4,3api/gbs.mm.com,
3,2api/gbs.mm.com,
3,2api/gbs.mm.com,
3,2api/gbs.mm.com,
4,3api/gbs.mm.com,
5,4api/gbs.mm.com,
6,5api/gbs.mm.com,
7,6api/gbs.mm.com,
8,8api/gbs.mm.com,1426607480
9,9api/gbs.mm.com,
10,10api/gbs.mm.com,
11,11api/gbs.mm.com,
12,12api/gbs.mm.com,
13,13api/gbs.mm.com,
14,14api/gbs.mm.com,
15,15api/gbs.mm.com,
16,16api/gbs.mm.com,17,17api/gbs.mm.com
17,17api/gbs.mm.com
18,18api/gbs.mm.com
19,19api/gbs.mm.com
20,20api/gbs.mm.com
21,21api/gbs.mm.com
22,22api/gbs.mm.com
23,23api/gbs.mm.com
24,24api/gbs.mm.com
25,25api/gbs.mm.com
26,26api/gbs.mm.com
27,27api/gbs.mm.com
28,28api/gbs.mm.com
29,29api/gbs.mm.com
30,30api/gbs.mm.com
31,31api/gbs.mm.com
